{"cameraMode":{"drawMode":0,"name":"Shaded","section":"Shading Mode"},"sceneLighting":true,"audioPlay":false,"sceneViewState":{"showFog":false,"showMaterialUpdate":false,"showSkybox":false,"showFlares":false,"showImageEffects":false,"showParticleSystems":false},"in2DMode":false,"pivot":{"x":99.88430786132813,"y":98.15364837646485,"z":-176.07894897460938},"rotation":{"x":-0.16144691407680512,"y":0.7736057639122009,"z":-0.21811284124851228,"w":-0.5726224780082703},"size":25.03584098815918,"orthographic":false}